{
  "vertecies" : 
    [[-1.000000, -1.000000, 1.000000], 
     [-1.000000, -1.000000, -1.000000], 
     [1.000000, -1.000000, -1.000000], 
     [1.000000, -1.000000, 1.000000], 
     [-1.000000, 1.000000, 0.999999], 
     [-0.999999, 1.000000, -1.000001], 
     [1.000000, 1.000000, -1.000000], 
     [1.000000, 1.000000, 1.000000]],
  "indecies" : 
    [2, 1, 0, 
     3, 2, 0, 
     6, 7, 4, 
     5, 6, 4, 
     5, 4, 0, 
     1, 5, 0, 
     6, 5, 1, 
     2, 6, 1, 
     7, 6, 2, 
     3, 7, 2, 
     3, 0, 4, 
     7, 3, 4]
}
