{
  "vertecies" : 
    [[0.000000, -1.380657, 0.000000], 
     [-0.999054, -0.617457, -0.725847], 
     [0.381597, -0.617457, -1.174455], 
     [1.234896, -0.617452, 0.000000], 
     [0.381597, -0.617457, 1.174455], 
     [-0.999054, -0.617457, 0.725847], 
     [-0.381597, 0.617457, -1.174455], 
     [0.999054, 0.617457, -0.725847], 
     [0.999054, 0.617457, 0.725847], 
     [-0.381597, 0.617457, 1.174455], 
     [-1.234896, 0.617452, 0.000000], 
     [0.000000, 1.380657, 0.000000], 
     [0.224295, -1.174462, -0.690322], 
     [-0.587225, -1.174462, -0.426639], 
     [-0.362932, -0.725864, -1.116968], 
     [-1.174453, -0.725861, 0.000000], 
     [-0.587225, -1.174462, 0.426639], 
     [0.725853, -1.174459, 0.000000], 
     [0.950154, -0.725862, -0.690324], 
     [0.224295, -1.174462, 0.690322], 
     [0.950154, -0.725862, 0.690324], 
     [-0.362932, -0.725864, 1.116968], 
     [-1.313085, 0.000000, -0.426641], 
     [-1.313085, 0.000000, 0.426641], 
     [0.000000, 0.000000, -1.380657], 
     [-0.811531, 0.000000, -1.116975], 
     [1.313085, 0.000000, -0.426641], 
     [0.811531, 0.000000, -1.116975], 
     [0.811531, 0.000000, 1.116975], 
     [1.313085, 0.000000, 0.426641], 
     [-0.811531, 0.000000, 1.116975], 
     [0.000000, 0.000000, 1.380657], 
     [-0.950154, 0.725862, -0.690324], 
     [0.362932, 0.725864, -1.116968], 
     [1.174453, 0.725861, 0.000000], 
     [0.362932, 0.725864, 1.116968], 
     [-0.950154, 0.725862, 0.690324], 
     [-0.224295, 1.174462, -0.690322], 
     [-0.725853, 1.174459, 0.000000], 
     [0.587225, 1.174462, -0.426639], 
     [0.587225, 1.174462, 0.426639], 
     [-0.224295, 1.174462, 0.690322]],
  "indecies" : 
    [12, 13, 0, 
     15, 13, 1, 
     17, 12, 0, 
     19, 17, 0, 
     16, 19, 0, 
     22, 15, 1, 
     24, 14, 2, 
     26, 18, 3, 
     28, 20, 4, 
     30, 21, 5, 
     25, 22, 1, 
     27, 24, 2, 
     29, 26, 3, 
     31, 28, 4, 
     23, 30, 5, 
     37, 32, 6, 
     39, 33, 7, 
     40, 34, 8, 
     41, 35, 9, 
     38, 36, 10, 
     2, 14, 12, 
     14, 13, 12, 
     14, 1, 13, 
     5, 16, 15, 
     16, 13, 15, 
     16, 0, 13, 
     3, 18, 17, 
     18, 12, 17, 
     18, 2, 12, 
     4, 20, 19, 
     20, 17, 19, 
     20, 3, 17, 
     5, 21, 16, 
     21, 19, 16, 
     21, 4, 19, 
     10, 23, 22, 
     23, 15, 22, 
     23, 5, 15, 
     6, 25, 24, 
     25, 14, 24, 
     25, 1, 14, 
     7, 27, 26, 
     27, 18, 26, 
     27, 2, 18, 
     8, 29, 28, 
     29, 20, 28, 
     29, 3, 20, 
     9, 31, 30, 
     31, 21, 30, 
     31, 4, 21, 
     6, 32, 25, 
     32, 22, 25, 
     32, 10, 22, 
     7, 33, 27, 
     33, 24, 27, 
     33, 6, 24, 
     8, 34, 29, 
     34, 26, 29, 
     34, 7, 26, 
     9, 35, 31, 
     35, 28, 31, 
     35, 8, 28, 
     10, 36, 23, 
     36, 30, 23, 
     36, 9, 30, 
     11, 38, 37, 
     38, 32, 37, 
     38, 10, 32, 
     11, 37, 39, 
     37, 33, 39, 
     37, 6, 33, 
     11, 39, 40, 
     39, 34, 40, 
     39, 7, 34, 
     11, 40, 41, 
     40, 35, 41, 
     40, 8, 35, 
     11, 41, 38, 
     41, 36, 38, 
     41, 9, 36]
}
